{
  "St. Stephen": [
    -67.283985,
    45.192467
  ],
  "Woodstock Road": [
    -67.307707,
    45.161831
  ],
  "Edmundston": [
    -68.328919,
    47.36193
  ],
  "Stanstead": [
    -72.087768,
    45.006629
  ],
  "St-Armand/Philipsburg": [
    -73.084265,
    45.018212
  ],
  "Cornwall": [
    -74.737234,
    45.010648
  ],
  "Rainbow Bridge": [
    -79.069939,
    43.092183
  ],
  "Prescott": [
    -75.469306,
    44.745456
  ],
  "Blue Water Bridge": [
    -82.413726,
    42.993488
  ],
  "Sault Ste. Marie": [
    -84.349313,
    46.518977
  ],
  "Detroit and Canada Tunnel": [
    -83.041714,
    42.328241
  ],
  "Thousand Island Bridge": [
    -75.984171,
    44.348559
  ],
  "Fort Frances Bridge": [
    -93.395136,
    48.609785
  ],
  "Emerson": [
    -97.237224,
    49.001481
  ],
  "North Portal": [
    -102.554449,
    48.999274
  ],
  "Coutts": [
    -111.960093,
    48.998765
  ],
  "Douglas (Peace Arch)": [
    -123.068277,
    49.002205
  ],
  "Abbotsford-Huntingdon": [
    -122.264551,
    49.002644
  ]
}